train_sharpe_mean,train_sharpe_std,test_sharpe_mean,test_sharpe_std
-8.844953583190675,0.8598586871197716,-11.40398379546141,24.88215173368799
