train_sharpe_mean,train_sharpe_std,test_sharpe_mean,test_sharpe_std
-8.844980787098692,0.8598516009148027,-11.404027680531692,24.88228081621346
